Year;Mo;Maximum Water Height (m);Total Deaths;Total Damage ($Mil);Total Houses Destroyed;Total Houses Damaged;Country
;;;;;;;
1800;6;;;;;;PORTUGAL
1802;1;;;;;;CROATIA
1802;3;;;;;;ANTIGUA AND BARBUDA
1802;8;;;;;;UK
1802;8;;;;;;VENEZUELA
1802;8;;;;;;INDONESIA
1802;11;;;;1100;;ALGERIA
1802;12;;19;;1060;;JAPAN
1804;1;;;;;;GREECE
1804;1;;;;;;SPAIN
1804;6;;;;;;GREECE
1804;7;1;450;;10810;300;JAPAN
1804;7;;;;;;ITALY
1805;1;;;;;;GREECE
1805;5;5;;;1;;AUSTRALIA
1805;7;;;;;;ITALY
1806;3;;;;;;USA
1806;8;;;;;;ITALY
1806;12;1;;;;;PERU
1806;;1.5;;;;;FRENCH POLYNESIA
1808;4;0.15;2;;;;ITALY
1808;8;1.5;;;;;JAPAN
1808;12;;;;;;JAPAN
1809;7;;;;;;ITALY
1809;7;;;;;;PORTUGAL
1809;12;;;;;;SOUTH AFRICA
1809;;;;;;;USA TERRITORY
1810;2;;;;;;GREECE
1810;8;;;;;;MEXICO
1810;9;1;57;;1084;;JAPAN
1810;;;;;;;NEW ZEALAND
1810;;;;;;;NORWAY
1811;11;4;;;;;CHILE
1811;12;;;;;;USA
1811;12;;;;;;USA
1812;1;;;;;;USA
1812;2;;;;;;USA
1812;3;;26000;;;;VENEZUELA
1812;6;;;;;;FRANCE
1812;11;;;;;;JAMAICA
1812;12;3.4;1;;;;USA
1812;;;;;;;USA
1813;5;;;;;;ITALY
1813;;;;;;;USA
1814;;;;;;;INDONESIA
1815;4;4;60000;;;;INDONESIA
1815;4;;;;;;INDONESIA
1815;11;;11453;;;;INDONESIA
1816;2;;;;;;PORTUGAL
1816;5;;;;;;INDONESIA
1816;12;;;;;;JAPAN
1817;1;;;;;;GREECE
1817;1;0.3;;;;;USA
1817;1;;;;;;ITALY
1817;8;5;;;;;GREECE
1818;1;;;;;;GREECE
1818;2;;72;;;;ITALY
1818;2;;;;;;ITALY
1818;3;;;;;;INDONESIA
1818;11;3.5;;;;;INDONESIA
1818;12;;;;;;ITALY
1819;1;;;;;;ITALY
1819;4;4;;;;;CHILE
1819;6;;1543;;1547;;INDIA
1819;8;;;;;;NORWAY
1819;;;;;;;USA TERRITORY
1820;3;;;;;;USA
1820;3;;;;;;GREECE
1820;5;4;;;;;MEXICO
1820;7;;;;;;ITALY
1820;12;;8;;79;;GREECE
1820;12;25;500;;;;INDONESIA
1820;;;;;;;USA
1820;;;;;;;CONGO
1821;1;;;;;;GREECE
1821;4;;;;;;COSTA RICA
1821;5;;3;;;;UK TERRITORY
1821;9;;;;;;USA
1821;;;;;;;INDONESIA
1822;3;;;;;;LEBANON
1822;4;;;;;;ITALY
1822;5;;;;;;COSTA RICA
1822;8;;8000;;;;TURKEY
1822;11;3.6;72;;;;CHILE
1823;3;;;;;;ITALY
1823;5;2.74;;;;;USA
1823;8;;;;;;CROATIA
1823;9;0.3;;;;;INDONESIA
1823;10;;;;;;CROATIA
1823;11;;;;;;MARTINIQUE (FRENCH TERRITORY)
1824;9;;;;;;GUADELOUPE (FRENCH TERRITORY)
1824;10;;;;;;PHILIPPINES
1824;11;;;;;;MARTINIQUE (FRENCH TERRITORY)
1825;1;;;;;;DENMARK
1825;1;;58;;;;GREECE
1825;2;;;;;;COLOMBIA
1825;3;;;;;;USA
1825;4;;;;;;USA TERRITORY
1825;9;;;;;;TRINIDAD AND TOBAGO
1826;1;;;;;;JAPAN
1826;3;;;;;;ITALY
1826;10;;;;;;USA
1826;;;;;;;NEW ZEALAND
1827;1;;;;;;USA
1827;8;;;;;;USA
1827;8;;;;;;RUSSIA
1827;11;;;;;;ECUADOR
1827;;;;;;;USA
1828;3;;;;;;PERU
1828;5;;;;;;JAPAN
1828;10;;;;;;ITALY
1828;11;;;;;;PHILIPPINES
1828;12;;1443;;11750;;JAPAN
1828;12;;;;;;INDONESIA
1829;5;;;;;;TURKEY
1829;9;;;;;;CHILE
1830;1;;;;;;HOLLAND
1830;1;1;;;;;PHILIPPINES
1830;9;;;;;;PHILIPPINES
1831;5;;;;;;ITALY
1831;7;;;;;;ITALY
1831;12;;;;;;TRINIDAD AND TOBAGO
1831;;;;;;;NEW ZEALAND
1832;3;;234;;;;ITALY
1833;1;;;;;;ALBANIA
1833;3;;;;;;MEXICO
1833;9;;6700;;87620;;CHINA
1833;9;9;700;;1001;;PERU
1833;11;;;;;;INDONESIA
1833;12;9;85;;1140;1790;JAPAN
1834;2;;;;73;;JAPAN
1834;3;;;;;;MEXICO
1835;2;24;53;;;;CHILE
1835;7;;;;;;GREECE
1835;7;5;;;;;JAPAN
1835;8;;;;;;JAPAN
1836;1;;;;;;AUSTRALIA
1836;3;;;;;;INDONESIA
1836;4;;589;;;;ITALY
1836;7;;;;;;CHILE
1836;9;;;;;;JAPAN
1836;11;;;;;;INDONESIA
1837;1;;;;;;ISRAEL
1837;8;;;;;;NETHERLANDS
1837;8;;;;;;USA TERRITORY
1837;8;;;;;;MEXICO
1837;9;;;;;;INDONESIA
1837;10;;;;;;MEXICO
1837;10;;;;;;MICRONESIA, FED. STATES OF
1837;11;6;16;;;;CHILE
1838;5;0.8;;;;;CHILE
1838;8;;;;;;CROATIA
1839;2;;;;;;CHILE
1839;3;;;;;;USA
1839;5;;;;;;JAPAN
1839;;;;;;;NEW ZEALAND
1840;1;;;;;;INDONESIA
1840;1;;;;;;USA
1840;1;;;;;;PERU
1840;2;;;;500;;INDONESIA
1840;3;;52;;;;PHILIPPINES
1840;7;;;;;;NEW ZEALAND
1840;8;1;;;;;NEW ZEALAND
1840;11;;;;;;USA
1840;;;;;;;USA
1841;5;15;;;;;RUSSIA
1841;11;3;;;;;INDONESIA
1841;12;1.5;;;;;INDONESIA
1841;;;;;;;PERU
1842;5;5;5300;;;;HAITI
1842;11;;;;;;CANADA
1842;11;;;;;;BANGLADESH
1843;1;;;;;;INDONESIA
1843;2;;;;;;INDONESIA
1843;2;1.2;5000;;;;GUADELOUPE (FRENCH TERRITORY)
1843;2;;;;;;GUADELOUPE (FRENCH TERRITORY)
1843;4;4.5;45;;75;;JAPAN
1843;7;;;;;;UK
1843;7;;;;;;NEW ZEALAND
1843;9;;;;;;CROATIA
1843;10;;;;;;GREECE
1844;3;;;;;;CROATIA
1844;3;;;;;;JAPAN
1844;3;;;;;;CROATIA
1844;5;;;;;;NICARAGUA
1845;2;;118;;;;INDONESIA
1845;4;;;;;;MEXICO
1845;6;;;;;;ITALY
1845;6;;;;;;INDIA
1845;7;1;;;;;NEW ZEALAND
1845;8;;;;;;CROATIA
1845;9;;;;;;JAPAN
1845;;;100;;;;USA
1846;1;1.2;;;;;INDONESIA
1846;3;2;;;;;JAPAN
1846;5;;;;;;NEW ZEALAND
1846;7;;;;;;TURKEY
1846;8;;56;;;;ITALY
1846;8;;;;;;ITALY
1846;9;;;;;;ITALY
1846;9;;;;;;ITALY
1846;10;;;;;;ITALY
1846;10;;;;;;ITALY
1846;10;;;;;;ITALY
1846;10;;;;;;ITALY
1846;10;;;;;;ITALY
1846;11;;;;;;ITALY
1846;12;;;;;;ITALY
1846;;;;;;;TURKEY
1847;4;;;;;;ITALY
1847;4;;;;;;ITALY
1847;4;;;;;;ITALY
1847;5;2;;;;;PERU
1847;7;7;10;;;;PORTUGAL
1847;8;;;;;;ITALY
1847;8;;335;;;;JAPAN
1847;10;;;;;;CHILE
1847;10;;;;;;INDIA
1848;6;;;;;;RUSSIA
1848;7;;;;;;FRENCH POLYNESIA
1848;9;;;;;;CANADA
1848;10;0.3;;;;;NEW ZEALAND
1848;10;;;;;;NEW ZEALAND
1848;10;;3;;;;NEW ZEALAND
1849;1;6.1;;;;;USA TERRITORY
1849;9;;;;;;RUSSIA
1849;11;5;;;;;CHILE
1850;1;;;;;;ITALY
1850;5;;;;;;ITALY
1850;7;2;;;;;JAPAN
1850;10;;;;;;ITALY
1850;;;;;;;NORTHWEST PACIFIC OCEAN
1851;2;;;;;;GREECE
1851;2;0.9;;;;;TURKEY
1851;4;;;;;;CHILE
1851;4;;;;;;TURKEY
1851;5;1.5;;;;;INDONESIA
1851;5;;;;;;USA
1851;5;;;;;;GREECE
1851;5;3;;;;;CHILE
1851;7;;;;;;ITALY
1851;10;0.66;2000;;;;ALBANIA
1851;11;;;;;;USA
1851;12;;;;;;ITALY
1852;1;;;;;;INDONESIA
1852;2;;;;;;ITALY
1852;5;;;;;;TURKEY
1852;6;;;;;;ITALY
1852;7;;;;;;CUBA
1852;9;;;;;;TURKEY
1852;9;;3;;;;PHILIPPINES
1852;11;;;;;;INDONESIA
1852;11;;;;;;ITALY
1852;11;;;;;;INDONESIA
1852;11;;;;;;INDONESIA
1852;11;;;;;;INDONESIA
1852;11;;;;;;INDONESIA
1852;11;;;;;;USA
1852;11;8;60;;;;INDONESIA
1852;11;;;;;;PERU
1852;11;3;;;;;MEXICO
1852;12;;1;;;;MEXICO
1852;12;;;;;;INDONESIA
1852;12;1.2;;;;;AUSTRALIA
1853;4;;;;;;ITALY
1853;7;5;1000;;;;VENEZUELA
1853;8;;17;;;;GREECE
1853;10;;;;;;JAPAN
1853;10;;;;;;TAIWAN
1853;11;;;;;;RUSSIA
1853;12;1;;;;;MONTENEGRO
1853;12;;;;;;TONGA
1853;;120;;;;;USA
1854;1;;;;;;INDONESIA
1854;1;;;;;;NORTHWEST PACIFIC OCEAN
1854;1;2.4;;;;;USA
1854;2;;;;;;FRANCE
1854;5;;;;;;USA
1854;6;;;;;;RUSSIA
1854;7;;;;;;RUSSIA
1854;7;0.1;;;;;USA
1854;8;;;;;;COSTA RICA
1854;8;;;;;;COSTA RICA
1854;8;0.03;;;;;USA
1854;9;;;;;;INDONESIA
1854;10;0.03;;;;;USA
1854;10;;;;;;USA
1854;11;;;;;;USA
1854;11;;;;;;USA
1854;12;;;;;;USA
1854;12;;;;;;MEXICO
1854;12;21;1000;;8900;;JAPAN
1854;12;28;3000;;20000;;JAPAN
1854;12;;;;;;FRANCE
1855;1;11;;;;;NEW ZEALAND
1855;2;;;;;;NEW ZEALAND
1855;2;;;;;;NEW ZEALAND
1855;2;;;;;;TURKEY
1855;2;10;;;;;PORTUGAL
1855;3;;;;;;USA
1855;4;;;;;;INDONESIA
1855;5;;;;;;FRANCE
1855;7;;;;1;26;USA
1855;8;;;;;;CHILE
1855;9;;;;;;HONDURAS
1855;10;;;;;;USA
1855;11;3;;;;;JAPAN
1855;11;;6757;;50000;;JAPAN
1855;12;;;;;;JAPAN
1855;;3;;;;;CHINA
1856;1;10;;;;;PORTUGAL
1856;2;0.6;;;;;USA
1856;3;;2806;;;;INDONESIA
1856;3;1;;;;;NEW ZEALAND
1856;7;;;;;;INDONESIA
1856;7;;;;;;USA
1856;8;5;;;;;HONDURAS
1856;8;3.75;5;;;;ALGERIA
1856;8;5;8;;;;ALGERIA
1856;8;6;26;;193;238;JAPAN
1856;9;;;;;;JAPAN
1856;10;;538;;8000;;GREECE
1856;11;;;;;;GREECE
1857;1;;;;;;SUDAN
1857;4;;;;;;PAPUA NEW GUINEA
1857;5;3.4;36;;;;INDONESIA
1857;5;;;;;;ALGERIA
1857;7;;;;;;JAPAN
1857;9;;;;;;TURKEY
1857;11;;;;;;INDONESIA
1857;11;;;;;;INDONESIA
1858;1;;;;;;AUSTRALIA
1858;2;;;;;;GREECE
1858;4;;;;;;CHILE
1858;6;2.4;;;;;UK
1858;8;;;;;;NEW ZEALAND
1858;9;;;;;;NEW ZEALAND
1858;9;;;;;;JAPAN
1858;12;;;;;;INDONESIA
1859;6;10;;;;;INDONESIA
1859;7;;;;;;INDONESIA
1859;7;1;;;;;INDONESIA
1859;8;;;;;;TURKEY
1859;8;;;;;;EL SALVADOR
1859;9;4.6;;;;;USA
1859;9;;;;;;INDONESIA
1859;10;6;10;;339;;CHILE
1859;10;;;;200;;CHILE
1859;10;;2;;;;INDONESIA
1859;10;;;;;;GREECE
1859;10;;;;;;INDONESIA
1859;11;;;;;;AUSTRALIA
1859;12;;;;;;EL SALVADOR
1859;12;;;;;;INDONESIA
1859;12;;;;;;INDONESIA
1860;1;;;;;;SPAIN
1860;3;;;;;;MEXICO
1860;4;;;;;;HAITI
1860;4;;;;;;PERU
1860;8;;;;;;INDONESIA
1860;10;;;;;;INDONESIA
1860;12;3.6;;;;;USA
1861;2;7;1105;;;;INDONESIA
1861;2;;;;;;INDONESIA
1861;3;;950;;96;;INDONESIA
1861;3;;;;;;CHILE
1861;3;1.8;;;;;INDONESIA
1861;4;;;;;;INDONESIA
1861;5;;;;;;USA
1861;5;;;;;;USA
1861;6;;;;;;INDONESIA
1861;6;;;;;;INDONESIA
1861;9;;;;;;INDONESIA
1861;10;3.9;;;70;;JAPAN
1861;12;2.1;;;;;GREECE
1862;1;;;;;;GREECE
1862;1;;;;;;USA
1862;3;;;;;;PHILIPPINES
1862;3;;;;;;FRANCE
1862;4;2.1;;;;;INDONESIA
1862;5;1.2;;;;;USA
1862;7;;3;;;;GHANA
1862;11;;;;;;ITALY
1863;3;;;;;;INDONESIA
1863;4;;300;;2050;;GREECE
1863;6;;400;;1172;;PHILIPPINES
1863;8;;;;;;VANUATU
1863;9;;;;;;JAPAN
1863;;;;;;;CANADA
1864;2;;;;;;INDONESIA
1864;5;;;;;;HAITI
1864;5;3;250;;;;INDONESIA
1864;6;;;;;;CANADA
1865;1;2;5;;;;PERU
1865;3;;;;;;PERU
1865;3;;;;;;JAPAN
1865;7;;;;;;USA
1865;10;;;;;;USA
1865;10;;;0.5;;;USA
1865;10;;;;;;PHILIPPINES
1865;10;;;;223;;PHILIPPINES
1865;11;1.25;;;20;;TONGA
1865;11;;;;;;PERU
1866;1;;60;;;;ALBANIA
1866;1;;;;;;ALBANIA
1866;1;;;;;;GREECE
1866;1;;;;52;;GREECE
1866;2;;;;;;GREECE
1866;2;8.6;;;;;GREECE
1866;3;;60;;12;;ALBANIA
1866;3;;;;;;ALBANIA
1866;3;;;;;;ALBANIA
1866;8;;;;;;AUSTRALIA
1866;8;;;;;;AUSTRALIA
1866;9;;;;;;USA
1866;9;;;;;;USA TERRITORY
1866;10;;;;;;GREECE
1866;12;;;;;;USA
1867;2;;;;;;GREECE
1867;3;;563;;5915;5500;GREECE
1867;3;;16;;7;;ITALY
1867;4;;;;;;GREECE
1867;5;;;;;;NORWAY
1867;6;;5;;372;;INDONESIA
1867;8;;;;;;AUSTRALIA
1867;9;6;;;;;GREECE
1867;9;;;;;;VENEZUELA
1867;10;;;;;;GREECE
1867;11;15.2;24;;;;USA TERRITORY
1867;11;;;;;;GREECE
1867;12;15;580;;;;TAIWAN
1868;3;1.5;;;;;USA TERRITORY
1868;4;13.7;77;;;;USA
1868;4;;;;;;USA
1868;4;;;;;;USA
1868;4;;;;;;USA
1868;4;;;;;;UK
1868;5;6.1;;;;;USA
1868;5;;;;;;ITALY
1868;5;;;;;;MEXICO
1868;6;;;;;;USA
1868;8;;;;;;PERU
1868;8;;;;;;MEXICO
1868;8;18;25000;300;;;CHILE
1868;8;;;;;;VENEZUELA
1868;8;0.17;;;;;CHILE
1868;8;4;;;;;INDIA
1868;9;;;;;;ITALY
1868;9;1;;;;;CHILE
1868;10;6.1;;;;;USA
1868;10;;;;;;PERU
1868;10;1;;;;;CHILE
1868;10;3;;;;;NEW ZEALAND
1868;10;4.5;30;0.35;;;USA
1869;1;;;;;;NEW ZEALAND
1869;1;;;;;;CHILE
1869;2;;;;;;CHILE
1869;2;;;;;;USA
1869;2;;;;;;USA
1869;3;0.6;;;;;NEW ZEALAND
1869;3;;;;;;NEW ZEALAND
1869;4;;;;;;PERU
1869;6;;;;;;USA
1869;6;;;;;;CHILE
1869;7;8.2;;;;;USA
1869;8;3;;;;;CHILE
1869;8;;;;;;AUSTRALIA
1869;8;;;;;;PHILIPPINES
1869;8;;;;;;PERU
1869;8;;;;;;CHILE
1869;8;2;;;;;CHILE
1869;9;;;;;;GREECE
1869;10;;;;;;UKRAINE
1869;12;;;;;;GREECE
1870;4;0.6;;;;;NEW ZEALAND
1870;4;;;;;;NEW ZEALAND
1870;5;;24;;;;MEXICO
1870;6;;;;;;GUADELOUPE (FRENCH TERRITORY)
1870;6;;;;;;EGYPT
1870;7;;;;;;CROATIA
1870;8;;100;;;;GREECE
1870;8;;;;;;CROATIA
1870;8;;;;;;AUSTRALIA
1870;10;;2;;16;;CANADA
1870;10;;;;;;ITALY
1870;11;;;;;;ITALY
1871;1;;;;;;ITALY
1871;2;;;;;;PERU
1871;2;0.3;;;;;MEXICO
1871;2;;;;;;USA
1871;2;;;;;;USA
1871;3;25;400;;75;;INDONESIA
1871;3;1;;;;;CHILE
1871;3;;;;;;NEW ZEALAND
1871;4;;;;;;PHILIPPINES
1871;6;;;;;;USA
1871;8;;;;;;CHILE
1871;8;;;;;;PERU
1871;8;;;;;;INDONESIA
1871;8;;;;;;NEW ZEALAND
1871;9;;;;;;FRANCE
1871;10;;;;;;CHILE
1871;10;;;;;;GREECE
1871;12;;;;;;CHILE
1872;1;;;;;;PERU
1872;1;;;;;;USA
1872;1;;;;;;USA
1872;1;;;;;;PHILIPPINES
1872;3;3;804;;5796;;JAPAN
1872;3;;;;;;USA
1872;4;;1800;;;;TURKEY
1872;6;0.6;;;;;USA
1872;8;1.3;;;;;USA
1872;8;;;;;;USA
1872;9;0.1;;;;;USA
1872;11;0.51;;;;;USA
1872;;;;;;;ICELAND
1872;;;;;;;JAPAN
1873;7;;;;;;CHILE
1873;10;;;;;;PANAMA
1873;10;;;;;;GREECE
1873;11;;;;;;CHILE
1873;11;3.05;;;;;USA
1873;;;;;;;PAPUA NEW GUINEA
1874;3;;;;;;USA TERRITORY
1874;5;;2000;;;;BANGLADESH
1874;5;24.38;;;;;USA
1874;5;;;;;;INDONESIA
1874;10;;;;;;AUSTRALIA
1875;2;;;;;;MEXICO
1875;3;;;;;;ITALY
1875;3;4;25;;;;NEW CALEDONIA
1875;5;;;;;;VANUATU
1875;10;;;;;;USA
1875;;;;;;;PAPUA NEW GUINEA
1876;5;0.3;;;;;INDONESIA
1876;10;;;;;;JAPAN
1876;12;;;;;;ITALY
1876;;;;;;;INDIA
1877;2;;;;;;USA
1877;2;;;;;;USA
1877;4;1.8;;;;;USA
1877;5;;;;;;USA
1877;5;24;2385;;;;CHILE
1877;5;;;;;;PERU
1877;5;;;;;;CHILE
1877;6;;;;;;CHILE
1877;8;1;;;;;CHILE
1877;9;;;;;;CHILE
1877;9;;;;;;VIETNAM
1877;10;;;;;;CHILE
1877;10;;;;;;COLOMBIA
1877;12;;;;;;NEW ZEALAND
1878;1;12;;;;;VANUATU
1878;1;;;;;;USA
1878;1;3.6;;;3;;USA
1878;1;;;;;;CHILE
1878;1;;5;;;;PERU
1878;1;;;;;;CHILE
1878;2;;;;;;CHILE
1878;2;;1;;;;PAPUA NEW GUINEA
1878;2;;;;;;PERU
1878;2;;;;;;VANUATU
1878;2;;;;;;CHILE
1878;3;;;;;;CHILE
1878;4;;;;;;CHILE
1878;4;;40;;;;TURKEY
1878;6;;;;;;CHILE
1878;6;;;;;;CHILE
1878;8;;;;;;USA
1878;8;;;;;;INDONESIA
1878;8;;;;;;VANUATU
1878;9;;;;;;CHILE
1878;10;;;;;;RUSSIA
1878;11;1;1;;;;USA
1878;11;;;;;;CHILE
1879;2;;;;;;ITALY
1879;4;0.9;;;;;NEW ZEALAND
1879;7;;;;;;EGYPT
1879;7;;;;;;CROATIA
1879;8;;;;;;CHILE
1879;8;;;;;;USA
1879;;;;;;;USA
1880;4;;;;;;NORWAY
1880;4;;;;;;ITALY
1880;7;;20;;;;PHILIPPINES
1880;8;;2;;600;;CHILE
1880;9;;;;;;GREECE
1880;9;;;;;;NEW ZEALAND
1880;9;0.08;;;;;AUSTRALIA
1880;9;;;;;;USA
1880;10;1.8;;;;;USA
1880;11;;;;;;JAPAN
1881;4;;7866;;;;GREECE
1881;4;;;;;;GREECE
1881;6;3;;;;;NEW ZEALAND
1881;7;0.46;;;;;FIJI
1881;7;1.4;;;;;CHILE
1881;8;0.46;;;;;JAMAICA
1881;10;;;;;;JAPAN
1881;10;;;;;;CHILE
1881;11;;;;;;TONGA
1881;12;2;;;;;GREECE
1881;12;1.22;;;;;INDIA
1882;1;;;;;;SRI LANKA
1882;2;;;;;;CHILE
1882;4;1.2;;;;;NEW ZEALAND
1882;7;;;;;;VIETNAM
1882;9;3;;;;;PANAMA
1882;9;;;;;;CHILE
1882;10;;;;;;INDONESIA
1882;12;;8;;40;;TAIWAN
1882;;;;;;;CHINA
1883;3;;;;;;MEXICO
1883;3;;;;;;SAMOA
1883;5;;;;;;INDONESIA
1883;5;;;;;;INDONESIA
1883;6;;;;;;GREECE
1883;8;41;36417;;;;INDONESIA
1883;10;9.14;8;;;;USA
1883;10;;;;;;INDONESIA
1883;11;;;;;;USA
1884;1;;;;;;URUGUAY
1884;1;;;;;;USA
1884;1;;;;;;FIJI
1884;2;;;;;;INDONESIA
1884;7;;;;;;ERITREA
1884;8;1.8;;;;;USA
1884;9;;;;;;USA
1884;11;;;;;;PANAMA
1884;11;0.1;;;;;USA
1884;11;;;;;;JAPAN
1884;12;2.4;;;;;USA
1885;1;;;;;;FRANCE
1885;1;;;;;;ALGERIA
1885;4;1.2;;;3;;INDONESIA
1885;7;;;;;;INDONESIA
1885;8;;;;;;INDONESIA
1885;11;1;;;;;CHILE
1885;11;;;;;;USA
1885;11;;;;;;USA
1885;12;;;;;;INDONESIA
1886;1;;;;;;INDONESIA
1886;6;0.3;;;;;NEW ZEALAND
1886;8;;;;;;GREECE
1886;8;;;;;;CHILE
1886;9;;;;;;USA
1886;12;;;;;;NEW ZEALAND
1886;;;;;;;BANGLADESH
1887;2;;;;;;PHILIPPINES
1887;2;;;;;;USA
1887;2;2;;;;;ITALY
1887;5;;51;;;;MEXICO
1887;5;;;;;;INDONESIA
1887;7;0.06;;;;;USA
1887;9;;;;;;HAITI
1887;10;;;;;;GREECE
1888;3;15;;;;;PAPUA NEW GUINEA
1888;3;;;;;;INDONESIA
1888;4;7;1;;;;NORWAY
1888;6;;;;;;URUGUAY
1888;6;;;;;;CHINA
1888;7;;;;;;ITALY
1888;9;;;;;;GREECE
1889;1;;;;;;USA
1889;3;11;;;;;TONGA
1889;5;0.1;;;;;PHILIPPINES
1889;8;;;;;;INDONESIA
1889;9;4;;;;;INDONESIA
1889;9;;;;;;USA
1889;9;;;;;;INDONESIA
1889;11;;;;;;INDONESIA
1889;12;;;;;;ITALY
1890;7;;171;;;;IRAN
1891;1;;36;;75;;ALGERIA
1891;5;;;;;;INDONESIA
1891;6;;;;;;INDONESIA
1891;6;;;;;;INDONESIA
1891;6;;;;;;NEW ZEALAND
1891;7;;;;;;MEXICO
1891;9;;;;;;NEW ZEALAND
1891;10;;;;;;INDONESIA
1891;11;2.44;;;;;USA
1892;1;;;;;;INDONESIA
1892;3;;;;;;CHILE
1892;5;;;;;;URUGUAY
1892;5;;;;;;USA TERRITORY
1892;5;;;;;;INDONESIA
1892;6;0.75;1532;;;;INDONESIA
1892;8;;;;;;TONGA
1892;8;;;;;;VANUATU
1892;11;;;;;;ITALY
1892;11;;;;;;INDONESIA
1892;12;;1;;2;;JAPAN
1893;1;;;;;;GREECE
1893;2;1;1;;;;GREECE
1893;2;;;;;;JAMAICA
1893;4;;;;;;GREECE
1893;6;3;;;;;RUSSIA
1893;6;;;;;;JAPAN
1893;6;;;;;;ALBANIA
1893;6;;;;;;PHILIPPINES
1893;7;;;;;;VANUATU
1893;8;;;;;;VANUATU
1894;3;4;1;;;99;JAPAN
1894;4;3;;;;;GREECE
1894;5;6;;;;;MEXICO
1894;7;4.5;;;;;TURKEY
1894;10;;726;;3858;;JAPAN
1894;11;;101;;;;ITALY
1894;11;12.2;;;;;ATLANTIC OCEAN
1894;11;3;2;;;;USA
1894;;1;;;;;TUNISIA
1895;1;;;;;;USA
1895;3;6;;;;;PAPUA NEW GUINEA
1895;3;;;;;;USA
1895;5;;;;;;JAPAN
1895;5;;;;;;CHILE
1895;7;;;;;;TURKMENISTAN
1895;7;5;;;;;NEW ZEALAND
1895;7;;;;;;USA
1895;8;;;;;;NEW ZEALAND
1895;9;;;;;;USA
1895;10;;;;;;USA
1895;10;;;;;;USA
1895;11;;;;;;ITALY
1896;1;0.25;;;;;JAPAN
1896;2;;;;;;JAMAICA
1896;6;38.2;27122;;11000;;JAPAN
1896;10;;;;;;INDONESIA
1896;10;;;;;;ITALY
1896;11;;;;;;GREECE
1896;12;2.5;;;;;USA
1896;;;;;;;ICELAND
1897;2;1;;;;;JAPAN
1897;3;;;;;;INDONESIA
1897;3;;;;;;SOLOMON ISLANDS
1897;4;;;;;;USA
1897;4;;;;;;NEW ZEALAND
1897;6;;1542;;;;INDIA
1897;6;;;;;;MEXICO
1897;8;3.6;;;;;JAPAN
1897;9;2;;;;;PHILIPPINES
1897;9;7;13;;;;PHILIPPINES
1897;9;1;;;;;NEW ZEALAND
1897;10;;;;17;;PHILIPPINES
1897;12;;;;;;DOMINICAN REPUBLIC
1897;12;;;;;;GREECE
1897;;;;;;;MONTSERRAT
1898;3;0.31;;;;;USA
1898;4;0.1;;;;;JAPAN
1898;6;;;;;;GREECE
1898;7;;6;;;;CHILE
1898;12;;;;;;GREECE
1899;1;;;;;;PAPUA NEW GUINEA
1899;1;1;;;;;GREECE
1899;1;1.8;;;;;AUSTRALIA
1899;2;10;1;;;;PORTUGAL
1899;8;;;;;;CHILE
1899;9;3.1;;;;;USA
1899;9;60.96;;;;;USA
1899;9;12;2460;;;;INDONESIA
1899;10;;;;;;JAPAN
1899;10;;;;;;PAPUA NEW GUINEA
1899;11;0.3;;;;;JAPAN
1899;11;;;;;;JAPAN
1899;12;;;;;;USA
1899;;3;;;;;VIETNAM
1900;1;;;;;;INDONESIA
1900;8;;5;;;;USA
1900;9;;;;;;PAPUA NEW GUINEA
1900;9;3;;;;;PAPUA NEW GUINEA
1900;10;;5;;1;;INDONESIA
1900;10;10;25;;;;VENEZUELA
1901;3;;;;;;USA
1901;3;3;4;;1200;;BULGARIA
1901;6;;;;;;JAPAN
1901;6;0.25;;;;;JAPAN
1901;8;0.6;;;;;JAPAN
1901;8;1.2;;;;;NEW CALEDONIA
1901;8;0.25;18;;8;;JAPAN
1901;8;0.02;;;;;JAPAN
1901;9;;;;;;PHILIPPINES
1901;10;1.5;;;;;NICARAGUA
1901;12;;;;;;USA
1902;1;;;;;;GUATEMALA
1902;2;;185;;;;EL SALVADOR
1902;4;;2000;;;;GUATEMALA
1902;5;5;23;;;;MARTINIQUE (FRENCH TERRITORY)
1902;5;1;1680;;;;SAINT VINCENT AND THE GRENADINES
1902;5;;28000;;;;MARTINIQUE (FRENCH TERRITORY)
1902;5;;;;;;MARTINIQUE (FRENCH TERRITORY)
1902;6;;;;;;MARTINIQUE (FRENCH TERRITORY)
1902;7;;;;;;GREECE
1902;7;;;;;;MARTINIQUE (FRENCH TERRITORY)
1902;8;;;;;;MEXICO
1902;8;;;;;;PHILIPPINES
1902;8;1;1500;;;;MARTINIQUE (FRENCH TERRITORY)
1902;9;;;;;;GUATEMALA
1903;2;0.15;;;;;USA TERRITORY
1903;3;1;;;;;INDONESIA
1903;5;;;;;;ITALY
1903;7;;;;;;MEXICO
1903;8;;;;;;USA
1903;9;;;;;;TAIWAN
1903;9;;;;;;CHILE
1903;10;;;;;;USA
1903;10;;;;;;USA
1903;10;;;;;;CANADA
1903;11;;;;;;USA
1903;11;;;;;;USA
1903;11;15.7;;;;;USA
1903;12;;;;;;CHILE
1904;1;;;;;;COLOMBIA
1904;2;;;;;;INDONESIA
1904;3;;;;;;USA
1904;6;;;;;;RUSSIA
1904;6;;;;;;RUSSIA
1904;7;;;;;;INDONESIA
1904;8;3;;;;;NEW ZEALAND
1904;8;;;;;;NEW ZEALAND
1904;9;;;;;;INDONESIA
1904;12;;;;;;PANAMA
1904;12;;;;;;COOK ISLANDS
1905;1;40.5;61;;;;NORWAY
1905;1;;;;;;GREECE
1905;1;;;;;;COSTA RICA
1905;1;;;;;;MEXICO
1905;2;;1;;;;NEW ZEALAND
1905;3;0.6;;;;;VANUATU
1905;4;;19000;;;;INDIA
1905;7;33.53;;;;;USA
1905;7;;57;;;;JAPAN
1905;8;;;;;;SAMOA
1905;9;1.3;557;;6700;;ITALY
1905;10;0.5;;;;;RUSSIA
1905;10;;;;;;GEORGIA
1905;11;3;11;;;;GREECE
1905;11;;;;;;VANUATU
1905;11;;;;;;VANUATU
1905;12;;;;;;PHILIPPINES
1905;;;;;;;TUNISIA
1905;;;;;;;TOGO
1906;1;5;1000;;;;ECUADOR
1906;1;;;;;;VENEZUELA
1906;2;0.25;;;;;ECUADOR
1906;2;;;;;;COLOMBIA
1906;4;0.4;350;;;;ITALY
1906;4;0.1;;;;;USA
1906;5;;;;;;CHILE
1906;5;;;;;;EL SALVADOR
1906;7;;;;;;MARSHALL ISLANDS, REP. OF
1906;8;0.02;;;;;USA
1906;8;3.5;4000;100;;;CHILE
1906;9;1.5;;;;;PAPUA NEW GUINEA
1906;10;1.2;;;;;PAPUA NEW GUINEA
1906;11;;;;;;USA
1906;11;;;;;;GHANA
1906;11;;;;;;SAMOA
1906;12;;;;;;PERU
1906;;;;;;;VENEZUELA
1907;1;15;2188;;;;INDONESIA
1907;1;2.5;1000;30;;;JAMAICA
1907;3;4;;;;;INDONESIA
1907;4;2;8;;;;MEXICO
1907;6;;;;;;SAMOA
1907;6;;;;;;SAMOA
1907;6;;;;;;SAMOA
1907;7;;;;;;SAMOA
1907;7;;;;;;SAMOA
1907;7;;;;;;TONGA
1907;9;0.7;;;;;USA
1907;10;3.6;;;;;SAMOA
1907;10;;158;;;;ITALY
1907;12;;;;;;PAPUA NEW GUINEA
1908;2;1.4;;;;;INDONESIA
1908;2;;;;;;USA
1908;3;;;;;;INDONESIA
1908;4;15;33;;40;;CANADA
1908;5;;;;;;UKRAINE
1908;9;;;;;;CANADA
1908;9;1.2;;;;;USA
1908;12;;;;;;PERU
1908;12;13;80000;116;;;ITALY
1909;3;3;;;;;COOK ISLANDS
1909;3;;;;;;JAPAN
1909;3;;;;;;JAPAN
1909;6;;;;;;INDONESIA
1909;6;;;;;;CHILE
1909;7;;;;;;VANUATU
1909;7;9;;;;;MEXICO
1909;8;1.8;41;;976;;JAPAN
1909;9;;300;;;;USA
1909;10;;;;;;USA
1909;12;;;;;;USA TERRITORY
1910;2;;;;;;PAPUA NEW GUINEA
1910;3;;;;;;NEW ZEALAND
1910;11;;;;;;USA
1910;11;;;;;;VANUATU
1910;11;0.3;;;;;USA
1910;12;;;;;;INDONESIA
1910;12;;;;;;PHILIPPINES
1911;1;3;1335;;543;;PHILIPPINES
1911;2;;;;;;ALBANIA
1911;5;;;;;;PAPUA NEW GUINEA
1911;5;5;;;;;TOGO
1911;6;;12;;422;;JAPAN
1911;7;;;;;;PHILIPPINES
1911;9;;;;;;CHILE
1911;9;;;;;;USA
1911;11;;;;;;TRINIDAD AND TOBAGO
1912;1;;;;;;GREECE
1912;4;;;;;;USA
1912;6;0.5;;;;;JAPAN
1912;8;2.7;2800;;24700;15400;TURKEY
1912;10;;;;;;MICRONESIA, FED. STATES OF
1912;12;;;;;;MICRONESIA, FED. STATES OF
1913;2;1.5;;;;;NEW ZEALAND
1913;3;;138;;;;INDONESIA
1913;6;;;;;;USA
1913;7;;;;;;PERU
1913;8;;;;;;PERU
1913;10;;;;;;PANAMA
1913;10;0.1;;;;;PAPUA NEW GUINEA
1913;12;4.5;;;;;USA
1914;1;3;63;19;2268;;JAPAN
1914;1;1;;;;;PERU
1914;1;;;;;;ITALY
1914;2;;;;;;PERU
1914;3;;;;;;INDONESIA
1914;5;0.1;;;;;INDONESIA
1914;5;;;;;;CANADA
1914;6;;20;;;;INDONESIA
1914;10;;1;;;;NEW ZEALAND
1914;11;3;14;;;;GREECE
1914;12;;;;;;INDONESIA
1915;1;;;;;;GREECE
1915;2;2.4;3;;;;USA TERRITORY
1915;5;0.5;;;;;INDONESIA
1915;8;1.5;;;;;GREECE
1915;8;;;;;;PAPUA NEW GUINEA
1915;9;;;;;;EL SALVADOR
1915;11;1;;;;;JAPAN
1915;11;;;;;;INDONESIA
1915;11;;;;;;PHILIPPINES
1916;1;;;;;;PAPUA NEW GUINEA
1916;1;;;;;;COSTA RICA
1916;4;1.3;;0.025;;;PANAMA
1916;7;10;;;;;ITALY
1916;8;;;;;;ITALY
1916;11;;;;;;VENEZUELA
1917;1;;;;;;INDONESIA
1917;1;2;1500;;;;INDONESIA
1917;1;;;;;;CHINA
1917;1;;;;;;RUSSIA
1917;1;1.5;7;;;;PHILIPPINES
1917;1;;;;;;INDONESIA
1917;3;1.5;;;;;INDONESIA
1917;5;0.3;;;;;NEW ZEALAND
1917;5;0.5;;;;;TAIWAN
1917;6;12.2;2;;;;SAMOA
1917;7;0.9;;;;;PAPUA NEW GUINEA
1917;8;2.4;1;;;;USA
1917;8;;;;;;INDONESIA
1917;9;1.9;;;;;FRENCH POLYNESIA
1917;11;2.5;;;;;NEW ZEALAND
1917;12;7;2000;;;;CANADA
1918;2;;2000;;;;CHINA
1918;5;;;;;;CHILE
1918;7;0.08;;;;;INDONESIA
1918;8;;;;;;CHINA
1918;8;7.2;52;;;;PHILIPPINES
1918;9;12;23;;;19;RUSSIA
1918;10;6.1;144;4;;;USA TERRITORY
1918;10;;;;;;USA TERRITORY
1918;11;0.5;;;;;RUSSIA
1918;12;5;;;;;CHILE
1918;;;;;;;ICELAND
1919;1;0.44;;;;;PHILIPPINES
1919;1;0.4;;;;;TONGA
1919;1;;;;;;USA
1919;2;;;;;;INDONESIA
1919;4;5;;;;;INDONESIA
1919;4;;;;;;USA
1919;4;;;;;;TONGA
1919;4;2.5;;;;;TONGA
1919;5;;;;;;PAPUA NEW GUINEA
1919;5;0.75;4;;10;;ITALY
1919;6;;;;;;NICARAGUA
1919;8;;;;;;VENEZUELA
1919;10;4.3;;;;;USA
1919;10;;;;;;ITALY
1919;11;;;;;;INDONESIA
1919;12;;;;;;UKRAINE
1920;1;2;;;;;INDONESIA
1920;2;;;;;;PAPUA NEW GUINEA
1920;8;1.4;;;;;CHILE
1920;8;;;;;;USA TERRITORY
1920;9;;;;;;VANUATU
1920;12;0.75;;;;;CHINA
1920;12;;;;;;ALBANIA
1921;5;1;;;;;INDONESIA
1921;8;;;;;;CHINA
1921;9;0.1;;;;;INDONESIA
1921;11;;;;;;PHILIPPINES
1921;12;;;;;;USA
1922;1;;;;;;PERU
1922;1;1.8;;;;;PAPUA NEW GUINEA
1922;2;;;;;;INDONESIA
1922;2;0.7;5;;;;PHILIPPINES
1922;3;;;;;;PHILIPPINES
1922;4;;;;;;INDONESIA
1922;5;0.64;;;;;USA
1922;7;;;;;;INDONESIA
1922;8;;;;;;GREECE
1922;9;;5;;139;;TAIWAN
1922;10;;;;;;AUSTRALIA
1922;11;;;;;;CHILE
1922;11;9;700;;;;CHILE
1922;12;0.4;;;;;NEW ZEALAND
1923;1;0.1;;;;;USA
1923;2;8;3;1.5;;;RUSSIA
1923;2;1.5;;;;;CHILE
1923;3;;;;;;PHILIPPINES
1923;3;35;;;;;CHILE
1923;4;20;18;;;;RUSSIA
1923;5;;;;;;CHILE
1923;5;;;;;;CHILE
1923;6;0.4;;;;;JAPAN
1923;7;;;;;;PHILIPPINES
1923;8;;2;;;;USA
1923;8;;;;;;CHILE
1923;8;;;;;;KOREA
1923;9;13;142807;600;695000;;JAPAN
1923;9;0.3;;;;;JAPAN
1923;9;6.1;;;;;USA
1923;11;;;;;;PAPUA NEW GUINEA
1923;11;;;;;;PAPUA NEW GUINEA
1923;;;;;;;VIETNAM
1924;3;;;;;;RUSSIA
1924;4;;;;;;RUSSIA
1924;4;;;;;;PHILIPPINES
1924;4;;;;;;RUSSIA
1924;5;;;;;;PHILIPPINES
1924;5;5;;;;;USA
1924;6;;;;;;PHILIPPINES
1924;6;;;;;;AUSTRALIA
1924;7;;;;;;NEW ZEALAND
1924;8;4.6;;;;;USA
1924;8;;;;;;ICELAND
1924;8;;;;;;PHILIPPINES
1925;1;1;;;;;INDONESIA
1925;2;1.4;;;;;USA
1925;5;;;;;;MEXICO
1925;5;;17;;;;PHILIPPINES
1925;5;;;;;;ITALY
1925;5;;;;;;CHILE
1925;5;;;;;;PHILIPPINES
1925;10;0.34;;;;;USA
1925;11;;;;;;PHILIPPINES
1925;11;11;;;;;MEXICO
1925;11;;;;;;PHILIPPINES
1925;12;;;;;;MICRONESIA, FED. STATES OF
1926;1;3;;;;;USA
1926;1;;;;;;SOLOMON ISLANDS
1926;3;1.5;;;;;USA
1926;3;;1;;;;COOK ISLANDS
1926;6;;;;;;INDONESIA
1926;7;;;;;;UK
1926;7;;;;;;SOUTH KOREA
1926;8;;;;;;ITALY
1926;8;;;;;;GREECE
1926;8;0.3;9;;;;PORTUGAL
1926;9;2;;;;;SOLOMON ISLANDS
1926;12;;;;;;CHILE
1926;12;;;;;;PORTUGAL
1926;;6.35;;;;;NEW ZEALAND
1927;1;;1;3;;20;USA
1927;1;;;;;;NORWAY
1927;3;11.3;3022;;15594;9821;JAPAN
1927;6;0.7;;;;;UKRAINE
1927;7;1;268;;;;ISRAEL
1927;8;0.1;;;;;JAPAN
1927;8;0.4;;;;;JAPAN
1927;9;;;;;;MEXICO
1927;9;1;11;;;;UKRAINE
1927;10;;;;;;USA
1927;10;;;;;;USA
1927;11;1.8;;;;;USA
1927;11;;;;;;CHILE
1927;12;15;50;;;;INDONESIA
1927;12;2;;;;;RUSSIA
1928;2;;;;;;CANADA
1928;3;;;;;;MEXICO
1928;3;;;;;;INDONESIA
1928;3;;170;;2600;;GREECE
1928;3;;;;;;CHILE
1928;4;;10;;;;PERU
1928;4;0.6;20;;3000;;GREECE
1928;4;;;;;;GREECE
1928;4;;;;;;GREECE
1928;4;;;;;;PERU
1928;4;0.6;;;;;GREECE
1928;5;;;;;;GREECE
1928;5;;;;;;TURKEY
1928;5;;;;;;TONGA
1928;5;0.45;;;;;JAPAN
1928;5;;;;;;JAPAN
1928;6;;;;;;PHILIPPINES
1928;6;0.2;4;;;;MEXICO
1928;7;;;;;;PERU
1928;8;10;226;;;;INDONESIA
1928;9;;;;;;VENEZUELA
1928;11;;;;;;CHILE
1928;12;1.5;279;;;;CHILE
1928;12;;97;;;;PHILIPPINES
1928;;;;;;;CANADA
1929;1;6;50;;;;VENEZUELA
1929;3;1;;;;;USA
1929;5;0.7;;;;;JAPAN
1929;5;1.5;;;;;CANADA
1929;6;;;;;;PHILIPPINES
1929;6;2.5;17;;;;NEW ZEALAND
1929;8;7.5;;;;;CHILE
1929;8;;;;;;USA
1929;11;;6;;;;INDONESIA
1929;11;13;28;1;;;CANADA
1930;1;;;;;;CHINA
1930;2;;;;;;SPAIN
1930;2;;;;;;USA
1930;3;5;20;;;;PORTUGAL
1930;3;500;;;;;INDONESIA
1930;5;;;;;;NORWAY
1930;5;1.06;500;;;;MYANMAR (BURMA)
1930;6;1.5;;;;;INDONESIA
1930;7;0.1;;;;;INDONESIA
1930;8;3.05;1;;;;USA
1930;9;2.5;6;;;;ITALY
1930;9;;;;;;INDONESIA
1930;9;;;;;;PAPUA NEW GUINEA
1930;10;;18;;;;ITALY
1930;11;6;;;;;KENYA
1930;12;12;27;;104;;PAPUA NEW GUINEA
1930;12;1;;;;;CHILE
1931;2;15;261;25;;;NEW ZEALAND
1931;2;0.1;;;;;NEW ZEALAND
1931;2;;;;;;NEW ZEALAND
1931;3;0.4;;;;;JAPAN
1931;3;;;;;;CHILE
1931;6;;;;;;UK
1931;8;;;;;;PAPUA NEW GUINEA
1931;8;3;4;;;;USA
1931;8;;;;;;PORTUGAL
1931;9;1;;;;;INDONESIA
1931;10;9;50;;;;SOLOMON ISLANDS
1931;11;0.8;1;;14;;JAPAN
1931;12;1;;;;;CUBA
1932;2;;;;;;CUBA
1932;5;;;;;;ITALY
1932;6;10;400;;;;MEXICO
1932;6;1;;;;;MEXICO
1932;6;10;75;;400;;MEXICO
1932;6;;;;;;MEXICO
1932;9;;;;73;;INDONESIA
1932;9;;;;;;NEW ZEALAND
1932;9;2;161;;4106;3218;GREECE
1932;11;;;;;;VENEZUELA
1932;11;5.4;;;;;USA
1933;1;9;2;;;;RUSSIA
1933;2;;;;;;CHILE
1933;3;29;3022;;6000;;JAPAN
1933;3;0.1;120;41;;;USA
1933;4;2;181;;;;GREECE
1933;5;;;;;;TOGO
1933;6;0.2;;;;;JAPAN
1933;10;;;;;;ECUADOR
1933;12;;;;;;PAPUA NEW GUINEA
1933;12;;9;;;;PHILIPPINES
1934;1;;10600;;;;NEPAL
1934;2;;;;;;PHILIPPINES
1934;4;62.3;41;;;;NORWAY
1934;6;;;;;;ICELAND
1934;7;;;0.05;;;PANAMA
1934;7;0.65;;;;;SOLOMON ISLANDS
1934;7;;;;;;SOLOMON ISLANDS
1934;8;12;;0.075;1;;USA
1934;11;0.11;;;;;MEXICO
1934;12;;;;;;CHILE
1934;12;;;;;;PAPUA NEW GUINEA
1935;1;;5;;;;TURKEY
1935;5;;60000;25;;;PAKISTAN
1935;7;0.2;;;;;JAPAN
1935;8;;;;;;PORTUGAL
1935;9;;;;;;PAPUA NEW GUINEA
1935;10;0.3;;;;;JAPAN
1935;10;0.2;;;;;JAPAN
1935;11;;;;;;USA
1935;11;;;;;;INDONESIA
1935;12;;100;;;;CHINA
1935;12;;;;;;INDONESIA
1936;2;;;;;;NEW ZEALAND
1936;2;;;;;;NAURU
1936;4;3;;;169;;INDONESIA
1936;7;1;1;;;;CHILE
1936;8;;9;;;;INDONESIA
1936;9;74;73;;;;NORWAY
1936;10;149.35;;;;;USA
1936;11;0.7;;;;;JAPAN
1936;11;13;;;;;RUSSIA
1936;;2.2;;;;;NEW CALEDONIA
1937;5;2.5;507;;;;PAPUA NEW GUINEA
1937;8;;1;;;;PHILIPPINES
1937;9;;;;;;RUSSIA
1937;9;;;;;;USA
1937;9;;;;;;RUSSIA
1937;11;0.5;;;;;INDONESIA
1938;1;;;;;;CONGO
1938;2;1;;;24;8;INDONESIA
1938;2;;5;;;;AUSTRALIA
1938;2;0.5;;;;;INDONESIA
1938;3;0.03;;;;;PAPUA NEW GUINEA
1938;3;;;;;;CANADA
1938;3;;;;;;NORWAY
1938;5;;;;;;PAPUA NEW GUINEA
1938;5;3;17;;942;;INDONESIA
1938;5;0.83;;;;;JAPAN
1938;5;0.9;1;;7;;JAPAN
1938;6;1.5;;;;;JAPAN
1938;9;;;;;;USA
1938;11;0.57;1;;20;;JAPAN
1938;11;0.56;;;;;JAPAN
1938;11;1.26;;;;;JAPAN
1938;11;1.25;;;;;JAPAN
1938;11;;;;;;JAPAN
1938;11;0.3;;;;;USA
1938;11;0.75;;;;;JAPAN
1938;11;;;;;;JAPAN
1938;11;0.3;;;;;JAPAN
1938;11;0.2;;;;;JAPAN
1939;1;;30000;920;;;CHILE
1939;1;;;;;;ITALY
1939;1;;5;;;;PAPUA NEW GUINEA
1939;3;0.8;1;;1;;JAPAN
1939;4;;;;;;CHILE
1939;4;10.5;12;;;;SOLOMON ISLANDS
1939;5;1.2;27;;479;;JAPAN
1939;5;;;;;;PHILIPPINES
1939;5;0.2;;;;;PORTUGAL
1939;6;;22;;1500;;GHANA
1939;7;2;;;;;GRENADA
1939;8;;;;;;CUBA
1939;12;;;;;;INDONESIA
1939;12;0.53;32700;20;120000;;TURKEY
1940;1;;;;;;ITALY
1940;5;2;179;;;;PERU
1940;8;5;10;;20;;JAPAN
1940;8;;;;;;NORWAY
1940;10;;;;;;CHILE
1940;10;;;;;;CHILE
1941;1;0.15;4;;1;;PAPUA NEW GUINEA
1941;1;;;;;;CYPRUS
1941;2;;;;;;USA
1941;3;;;;;;ITALY
1941;6;1.5;;;;;INDIA
1941;7;6;;;;;SPAIN
1941;11;1.2;2;;27;;JAPAN
1941;11;0.23;;;;;ATLANTIC OCEAN
1941;12;0.23;6;;;;COSTA RICA
1941;12;0.1;;;;;COSTA RICA
1942;5;1;;;;;COLOMBIA
1942;5;3;;;;;NEW CALEDONIA
1942;8;2;30;;;;PERU
1943;4;1;11;;;;CHILE
1943;6;0.6;;;;;JAPAN
1944;4;9.14;;;;;USA
1944;8;;;;1;;ITALY
1944;9;;;;;;USA
1944;10;;30;;5500;;TURKEY
1944;12;10;1223;;29205;46950;JAPAN
1944;;;;;;;USA
1945;1;1;2306;;7221;;JAPAN
1945;2;0.4;2;;2;;JAPAN
1945;11;17;4000;25;;;PAKISTAN
1946;4;42;168;26.271;;;USA
1946;6;9;;;;;CANADA
1946;8;;2;;;;CHILE
1946;8;5;1790;;;;DOMINICAN REPUBLIC
1946;8;0.6;75;;;;DOMINICAN REPUBLIC
1946;9;;;;;;PERU
1946;11;;;;;;USA
1946;11;;;;;;RUSSIA
1946;12;6.6;1362;;11661;;JAPAN
1947;1;;;;;;USA
1947;3;10;;;;;NEW ZEALAND
1947;5;6;;;;;NEW ZEALAND
1947;10;1;3;;7000;;GREECE
1947;11;2;;;;;JAPAN
1948;1;;74;3.5;;;PHILIPPINES
1948;2;7.3;;;;;GREECE
1948;4;0.6;;;;;JAPAN
1948;4;1;2;;244;2022;GREECE
1948;5;3;;;;;CHINA
1948;6;;;;;;INDONESIA
1948;9;2;;;;;TONGA
1948;12;5;4;;;;MEXICO
1948;12;;;;;;CHILE
1949;1;;;;;;RUSSIA
1949;2;;;;;;GREECE
1949;4;;8;25;;;USA
1949;4;2.4;;;;;USA
1949;4;;;;;;CHILE
1949;5;;;;;;INDONESIA
1949;7;2;7;;534;5501;GREECE
1949;7;19.81;;;;;USA
1949;8;0.61;;;;;CANADA
1949;9;0.1;;;;;PHILIPPINES
1949;9;;;;;;USA
1949;10;0.3;;;;;PAPUA NEW GUINEA
1949;12;;1;;;;CHILE
1949;12;;3;;;;CHILE
1949;12;;16;;;;PHILIPPINES
1950;1;;;;;;CHILE
1950;3;;;;;;NEW ZEALAND
1950;4;;;;;;PANAMA
1950;8;;100;;;;VENEZUELA
1950;8;0.5;1530;20;;;INDIA
1950;10;0.1;;;;;COSTA RICA
1950;10;;1;;;;INDONESIA
1950;10;;;;;;NORWAY
1950;10;0.2;;;;;GUATEMALA
1950;11;1.2;;;;;SOLOMON ISLANDS
1950;12;2.5;;;;;VANUATU
1950;12;0.7;4;;;;PERU
1950;12;0.3;;;;;MEXICO
1951;2;6;;;;;PAPUA NEW GUINEA
1951;2;3;;0.003;;;USA
1951;8;;;;;;NICARAGUA
1951;8;3.6;;;;;USA
1951;10;0.3;68;;2382;;TAIWAN
1951;12;2;;;;;CHINA
1951;12;;;;;;SOLOMON ISLANDS
1952;1;2;;;;;NORWAY
1952;3;6.54;33;;2422;;JAPAN
1952;3;0.3;;;113;;JAPAN
1952;3;3;;;;;USA
1952;3;0.33;;;;;PHILIPPINES
1952;4;19.81;;;;;USA
1952;5;1.52;;;;;USA
1952;5;0.1;;;;;COSTA RICA
1952;7;;;;;;VANUATU
1952;9;0.15;;;;;JAPAN
1952;9;0.05;;;;;JAPAN
1952;9;0.15;31;;;;JAPAN
1952;9;0.1;;;;;JAPAN
1952;10;;;;;;USA
1952;11;23;10000;1;;;RUSSIA
1952;;;1;;;;GREENLAND
1953;2;;;;;;USA
1953;2;0.7;;;;;PERU
1953;2;4.8;;;;;USA
1953;3;6;;;;;JAPAN
1953;3;3;;;;;RUSSIA
1953;3;0.05;;;;;JAPAN
1953;4;;;0.013;;;PAPUA NEW GUINEA
1953;5;;9;500;;;CHILE
1953;5;0.06;;;;;DOMINICAN REPUBLIC
1953;6;;;;;;PAPUA NEW GUINEA
1953;8;;476;100;27773;;GREECE
1953;8;;;;;;USA
1953;9;;40;;500;;CYPRUS
1953;9;15;7;;;;FIJI
1953;11;2.4;1;;;;AUSTRALIA
1953;11;3;1;;;;JAPAN
1953;12;1;6;;200;;PERU
1954;1;1;;;;;ARGENTINA
1954;2;;;;;;CHINA
1954;2;;;;;;ITALY
1954;6;3;7;;;;USA
1954;9;0.33;1243;6;20000;;ALGERIA
1954;10;18.28;;;;;GREENLAND
1954;11;;;;;;JAPAN
1955;1;;;;;;VENEZUELA
1955;4;;8;;459;8352;GREECE
1955;4;1;1;;;;CHILE
1955;5;;;;;;INDIA
1955;9;;;;;;PAPUA NEW GUINEA
1955;9;1;;;;;CHINA
1955;10;;;;;;PAPUA NEW GUINEA
1956;1;;;;;;CHILE
1956;3;0.9;;;;;NEW ZEALAND
1956;3;0.4;;;;;JAPAN
1956;3;0.3;;;;;RUSSIA
1956;7;30;56;;;;GREECE
1956;7;10;;;;;GREECE
1956;8;;;;;;JAPAN
1956;11;1.2;;;;;GREECE
1956;12;;;;;;CHILE
1957;3;32;2;;;;USA
1957;6;1.8;;;;;INDONESIA
1957;7;1.3;65;25;;;MEXICO
1957;7;;;;;;CHILE
1957;9;0.7;;;;;INDONESIA
1957;10;;;;;;INDONESIA
1957;11;0.1;;;;;USA
1957;11;2.7;;;;;SOLOMON ISLANDS
1958;1;;115;;;;ECUADOR
1958;2;;;;;;CHINA
1958;4;;;;;;PERU
1958;4;;;;;;INDONESIA
1958;7;524.6;5;0.1;;;USA
1958;9;0.23;;;;;RUSSIA
1958;10;;;;;;VANUATU
1958;11;0.1;;;;;PACIFIC OCEAN
1958;11;5;;;;;RUSSIA
1958;11;1;;;;;RUSSIA
1959;1;0.8;;;;;JAPAN
1959;2;0.4;;;;;PERU
1959;2;1;;;;;GREECE
1959;4;0.1;;;;;RUSSIA
1959;5;0.2;;;;;RUSSIA
1959;5;4;9;;;;NORWAY
1959;8;1;;;;;SOLOMON ISLANDS
1959;8;1;28;11;;;USA
1959;10;0.11;;;;;JAPAN
1960;1;5.7;;;;;PERU
1960;2;;13100;120;;;MOROCCO
1960;3;1;;;;;JAPAN
1960;3;0.75;;;;;JAPAN
1960;5;0.5;;;;;CHILE
1960;5;25;2226;1000;58622;;CHILE
1960;5;;;;;;CHILE
1960;6;;;;;;PAPUA NEW GUINEA
1960;7;0.3;;;;;JAPAN
1960;11;;;;;;CHILE
1960;11;9;66;0.55;;;PERU
1961;1;0.4;;;;;JAPAN
1961;1;0.4;;;;;JAPAN
1961;1;0.4;;;;;JAPAN
1961;2;1;;;;;RUSSIA
1961;2;0.65;2;;170;;JAPAN
1961;3;3.6;;;;;SOLOMON ISLANDS
1961;5;;;;;;TURKEY
1961;6;0.9;;;;;ITALY
1961;6;;;;;;COLOMBIA
1961;7;0.2;;;;;JAPAN
1961;7;0.9;;;;;VANUATU
1961;8;0.9;;;;;SOLOMON ISLANDS
1961;8;0.1;;;;;JAPAN
1961;10;;;;;;CHILE
1961;10;;;;;;CHILE
1961;11;0.1;;;;;JAPAN
1962;1;0.04;;;;;CROATIA
1962;3;0.1;;;;;PANAMA
1962;4;1;;;;;JAPAN
1962;4;0.1;;;;;JAPAN
1962;5;0.81;4;;;;MEXICO
1962;5;0.34;3;;;;MEXICO
1962;5;0.1;;;;;JAPAN
1962;5;;;;;;GREECE
1962;12;;;;;;USA
1963;2;6;2;;;;GREECE
1963;2;0.2;15;;;;TAIWAN
1963;3;5.5;1;;;;CANADA
1963;3;;1028;;;;INDONESIA
1963;9;1;1;;7;163;TURKEY
1963;9;;1;;;;PERU
1963;10;235;2000;;;;ITALY
1963;10;0.12;;;;;RUSSIA
1963;10;4.5;;;;;RUSSIA
1963;10;15;;;;;RUSSIA
1963;12;;;;;;INDONESIA
1963;12;;;;;;TONGA
1964;3;0.08;;;;;USA
1964;3;51.8;139;400;;;USA
1964;4;;;;;;INDONESIA
1964;5;0.6;;;;;JAPAN
1964;5;;;;;;JAPAN
1964;5;0.28;;;;;USA
1964;6;5.8;26;80;2250;;JAPAN
1964;7;0.08;;;;;RUSSIA
1964;11;0.05;;;;;PAPUA NEW GUINEA
1964;12;0.1;;;;;JAPAN
1965;1;;71;;3000;;INDONESIA
1965;2;10.7;;0.01;;;USA
1965;2;60;27;;;;CHILE
1965;2;;;;;;CHILE
1965;3;;38;8;;;GREECE
1965;3;;;;;;CHILE
1965;3;0.1;;;;;USA
1965;4;0.1;;;;;JAPAN
1965;6;0.1;;;;;RUSSIA
1965;7;0.08;;;;;USA
1965;7;;2;;;;GREECE
1965;8;7;;;;;VANUATU
1965;8;2;;;;;VANUATU
1965;8;0.4;6;;;;MEXICO
1965;9;4.7;355;;;;PHILIPPINES
1965;10;;;;;;CHILE
1965;10;;;;;;GRENADA
1966;3;0.1;7;;;;TAIWAN
1966;5;;;;;;NORWAY
1966;6;0.2;;;;;SOLOMON ISLANDS
1966;7;0.2;;;;;RUSSIA
1966;10;3;110;35;;;PERU
1966;11;;;;;;SOLOMON ISLANDS
1966;12;0.42;3;0.4;;;CHILE
1966;12;2;;;;;SOLOMON ISLANDS
1966;12;0.8;;;;;SOLOMON ISLANDS
1966;;;;;;;SOLOMON ISLANDS
1967;3;;;;;;RUSSIA
1967;4;;71;;;;INDONESIA
1967;4;;14;;2000;;INDONESIA
1967;7;0.08;300;140;;;VENEZUELA
1967;8;0.1;;;;;PAPUA NEW GUINEA
1967;9;2;;;;;PERU
1967;10;60;;;;;USA
1967;11;;;;;;CHILE
1967;12;1;;;;;ANTARCTICA
1967;12;;;;80;;USA TERRITORY
1967;12;;1;;;;CHILE
1968;1;0.18;;;;;RUSSIA
1968;2;1.2;20;0.6;500;1951;GREECE
1968;4;3.07;1;;;;JAPAN
1968;4;3;;;;;ITALY
1968;5;;;;;;CHILE
1968;5;6;52;131;1218;;JAPAN
1968;5;0.58;;;;;JAPAN
1968;6;0.95;;;;;JAPAN
1968;7;0.05;;;;;NEW ZEALAND
1968;8;0.16;270;8;;;PHILIPPINES
1968;8;0.03;;;;;JAPAN
1968;8;0.4;;;;;INDONESIA
1968;8;10;200;;800;;INDONESIA
1968;9;3;24;;2000;;TURKEY
1968;9;;3;;;;VENEZUELA
1968;9;2;15;;;;MEXICO
1969;2;4;664;;1287;;INDONESIA
1969;2;0.9;25;;;;PORTUGAL
1969;3;;3;;;;PHILIPPINES
1969;3;;2;;107;;EGYPT
1969;4;5;;;;;SWEDEN
1969;4;0.1;;;;;JAPAN
1969;7;0.06;;;;;ATLANTIC OCEAN
1969;7;0.1;10;;15190;24810;CHINA
1969;8;;;;;;PAPUA NEW GUINEA
1969;8;5;;;;;RUSSIA
1969;8;2.9;;;;;SOUTH AFRICA
1969;11;15;;;;;RUSSIA
1969;12;0.46;;;;;GUADELOUPE (FRENCH TERRITORY)
1970;1;0.06;;;;;PHILIPPINES
1970;3;0.03;;;;;USA
1970;4;;15;;;;PHILIPPINES
1970;5;;;;;;RUSSIA
1970;5;0.46;66794;530;;;PERU
1970;6;;;;;;CHILE
1970;6;;;;;;CHILE
1970;7;0.32;;;;;JAPAN
1970;9;1;;;;;NEW ZEALAND
1970;9;;;;;;PHILIPPINES
1970;10;3;18;1.75;800;;PAPUA NEW GUINEA
1970;11;;;;;;CHILE
1970;12;0.8;;;;;RUSSIA
1971;3;30;600;;;;PERU
1971;5;0.04;;;;;USA
1971;7;1.2;83;236.4;;;CHILE
1971;7;6;3;;;;PAPUA NEW GUINEA
1971;7;10;;;;;PAPUA NEW GUINEA
1971;8;0.51;;;;;JAPAN
1971;9;2;;;;;RUSSIA
1971;9;0.32;;;;;RUSSIA
1971;9;;;;;;SOLOMON ISLANDS
1971;9;0.09;;;;;RUSSIA
1971;9;0.07;;;;;RUSSIA
1971;9;1.8;;;;;PAPUA NEW GUINEA
1971;9;0.03;;;;;RUSSIA
1971;11;0.1;;;;;USA
1971;12;0.47;;;;;RUSSIA
1972;1;0.05;1;;5;;TAIWAN
1972;2;0.42;;;;;JAPAN
1972;6;;;;;;CHILE
1972;7;0.1;;;;;USA
1972;8;0.6;;;;;PAPUA NEW GUINEA
1972;8;1.5;;;;;PAPUA NEW GUINEA
1972;9;;;;;;JAPAN
1972;10;;;;;;PAPUA NEW GUINEA
1972;12;0.5;;;;;PHILIPPINES
1972;12;0.5;;;;;JAPAN
1972;12;;;;;;CHILE
1973;1;1.13;56;;;;MEXICO
1973;2;1.5;;;;;RUSSIA
1973;3;1.3;15;0.45;;;PHILIPPINES
1973;6;5.96;;5;2;;JAPAN
1973;6;0.64;;;;;RUSSIA
1973;6;0.21;;;;;RUSSIA
1973;10;0.4;;;;;CHILE
1973;12;;2;;;;INDONESIA
1974;1;1.5;;;;;SOLOMON ISLANDS
1974;2;4.5;;;;;SOLOMON ISLANDS
1974;5;0.2;30;;134;;JAPAN
1974;8;;;;;;CHILE
1974;9;0.37;;;;;RUSSIA
1974;10;0.92;78;10;;;PERU
1974;10;2.8;;;;;CANADA
1974;10;0.5;;;;;PAPUA NEW GUINEA
1974;12;;5300;3.255;;;PAKISTAN
1975;1;;;;81;;INDONESIA
1975;3;;2;;;;CHILE
1975;4;4.1;;;;;CANADA
1975;5;0.5;;;;;ATLANTIC OCEAN
1975;6;5.5;;;;;RUSSIA
1975;7;2;;;;;PAPUA NEW GUINEA
1975;10;3;1;;30;;PHILIPPINES
1975;11;14.3;2;4;;;USA
1975;12;0.25;;;;;FIJI
1975;12;0.38;;;;;SAMOA
1976;1;0.9;;;;;NEW ZEALAND
1976;1;0.38;;;;;RUSSIA
1976;2;0.12;23000;2147;;;GUATEMALA
1976;7;;5;;;;PANAMA
1976;8;9;8000;134;;;PHILIPPINES
1977;4;0.08;;;;;SAMOA
1977;4;0.15;34;;;;SOLOMON ISLANDS
1977;4;;;;;;SOLOMON ISLANDS
1977;4;0.04;18;;;;SOLOMON ISLANDS
1977;6;0.4;1;1.2;;;TONGA
1977;8;15;189;1.2;;;INDONESIA
1977;8;0.5;;;;;PAPUA NEW GUINEA
1977;8;0.6;;;;;PAPUA NEW GUINEA
1977;10;0.03;;;;;TONGA
1978;1;0.35;25;;85;544;JAPAN
1978;3;0.07;;;;;RUSSIA
1978;3;0.05;;;;;RUSSIA
1978;3;0.17;;;;;RUSSIA
1978;3;0.3;;;;;RUSSIA
1978;3;0.65;;;;;RUSSIA
1978;6;0.6;28;865;;;JAPAN
1978;6;;;;;;INDIA
1978;6;0.03;;;;;PHILIPPINES
1978;6;0.45;50;250;;;GREECE
1978;6;0.6;;;;;ITALY
1978;7;0.05;;;;;TAIWAN
1978;8;0.12;;;;;SPAIN
1978;10;;;;;;NEW ZEALAND
1978;11;1.5;9;;;;MEXICO
1978;;3;;;;;VIETNAM
1979;2;0.12;;;;;JAPAN
1979;2;0.15;;;;;USA
1979;3;1.3;5;30;200;;MEXICO
1979;3;4.8;3;;;;JAPAN
1979;4;;;;;;MONTENEGRO
1979;4;0.6;131;2700;;;MONTENEGRO
1979;5;;;;;;GREECE
1979;7;9;1239;;;;INDONESIA
1979;8;;;;;;INDONESIA
1979;9;;;;;;VENEZUELA
1979;9;2;115;;1000;;INDONESIA
1979;10;2;;;;;NORWAY
1979;10;10;9;;;;FRANCE
1979;11;;;;;;FIJI
1979;12;6;600;8;10000;;COLOMBIA
1980;1;0.41;69;5;15000;;PORTUGAL
1980;2;0.16;;;;;RUSSIA
1980;5;250;61;;;;USA
1980;5;;;;;;PORTUGAL
1980;6;0.56;;;;;JAPAN
1980;7;0.14;;;;;SOLOMON ISLANDS
1980;10;0.7;5000;5200;250000;;ALGERIA
1981;1;0.37;;;;;JAPAN
1981;2;0.3;22;812;8000;;GREECE
1981;3;1;;;;;GREECE
1981;5;0.29;;;;;SOUTH AFRICA
1981;5;0.3;;;;;NEW ZEALAND
1981;9;1;;;;;SAMOA
1981;10;2;;;;;INDONESIA
1981;10;0.09;3;;;;MEXICO
1982;1;0.1;;;;;PHILIPPINES
1982;2;;;;;;INDONESIA
1982;3;0.1;;;;;INDONESIA
1982;3;1.3;110;1;;;JAPAN
1982;7;0.4;;;;;JAPAN
1982;12;0.2;;;;;TONGA
1982;12;;13;1.45;1875;;INDONESIA
1982;12;0.19;;;;;JAPAN
1983;1;;;;;;GREECE
1983;3;3;;;;;INDONESIA
1983;3;0.13;;;;;PAPUA NEW GUINEA
1983;5;14.93;104;800;3513;;JAPAN
1983;6;0.6;;;;;JAPAN
1983;6;1;;;;;JAPAN
1983;8;;;;;;GREECE
1983;8;0.1;;;;;RUSSIA
1983;8;0.1;16;;;;PHILIPPINES
1983;8;;;;;;INDONESIA
1983;8;7;;;;;NORWAY
1983;10;0.2;5;1;40;;CHILE
1983;11;1.5;;;;;UK TERRITORY
1984;1;;2;0.5;;685;INDONESIA
1984;2;;;;;;GREECE
1984;3;0.2;;;;;RUSSIA
1984;6;0.5;;;;;JAPAN
1984;8;0.2;;;;;JAPAN
1984;8;5;37;;;;CAMEROON
1984;9;0.13;;;;;JAPAN
1984;12;0.2;;;;;RUSSIA
1985;3;3.5;180;1500;;;CHILE
1985;3;0.12;;;;;GUADELOUPE (FRENCH TERRITORY)
1985;4;2;;;;;INDONESIA
1985;7;1.3;;1;;;PAPUA NEW GUINEA
1985;9;3;9500;4000;;;MEXICO
1985;9;1.2;;;;;MEXICO
1986;5;0.9;;;;;USA
1986;5;;;;;;USA
1986;8;75;1700;;;;CAMEROON
1986;10;0.22;;;;;NEW ZEALAND
1986;11;0.3;15;;;;TAIWAN
1987;2;0.1;;;;;JAPAN
1987;2;1.5;3;2.625;;;PAPUA NEW GUINEA
1987;2;3;;;;;NORWAY
1987;3;0.2;1;;;;CHILE
1987;3;0.04;2;;;;JAPAN
1987;3;0.16;;;;;JAPAN
1987;5;;;;;;NEW ZEALAND
1987;6;;;;;;SOLOMON ISLANDS
1987;7;0.1;;;;;VANUATU
1987;10;0.25;;;;;TONGA
1987;10;0.04;;;;;PAPUA NEW GUINEA
1987;10;0.07;;;;;PAPUA NEW GUINEA
1987;11;0.06;;;;;USA
1987;11;0.1;;;;;INDONESIA
1987;11;0.43;;;;;USA
1988;2;0.1;;;;;CHILE
1988;3;0.19;;0.005;;;USA
1988;4;2;;;;;ITALY
1988;4;;;;;;USA
1988;6;1.03;;;;;PHILIPPINES
1988;7;;;;;;PAPUA NEW GUINEA
1988;8;;5;;;;BANGLADESH
1988;8;0.09;1;;100;;SOLOMON ISLANDS
1988;8;;998;131.5;;;BANGLADESH
1989;5;0.15;;;;;AUSTRALIA
1989;6;0.29;;;;;USA
1989;9;0.1;;;;;USA
1989;10;1;62;5600;;;USA
1989;10;0.11;;;;;JAPAN
1989;10;;30;5;;;ALGERIA
1989;11;0.1;;;;;USA TERRITORY
1989;11;0.9;;;;;JAPAN
1990;2;2.1;;0.9;;600;PHILIPPINES
1990;2;0.16;;;;;JAPAN
1990;3;1;;;8;34;COSTA RICA
1990;4;1.8;;;;;USA TERRITORY
1990;5;5;;;;;PHILIPPINES
1990;6;2;40000;7200;100000;;IRAN
1990;9;0.2;;;;;JAPAN
1990;12;0.1;19;500;;;ITALY
1990;12;0.04;;;;;TAIWAN
1991;1;;;;;;GREECE
1991;2;0.02;;;;;SOLOMON ISLANDS
1991;2;0.1;;;;;RUSSIA
1991;2;0.15;;;;;USA
1991;4;3;90;510;;;COSTA RICA
1991;5;0.5;;;;;GREECE
1991;10;0.15;;;;;SOLOMON ISLANDS
1991;12;0.52;;;;;RUSSIA
1992;1;0.8;;;;;CHINA
1992;4;1.8;;66;;;USA
1992;5;6;;;12;;PHILIPPINES
1992;5;;;;;;SOLOMON ISLANDS
1992;7;3;;;;;USA
1992;7;0.3;;;;;JAPAN
1992;8;;;;;;JAPAN
1992;9;9.9;170;30;1500;;NICARAGUA
1992;12;26.2;2500;100;31785;;INDONESIA
1993;2;0.5;;;;;JAPAN
1993;3;;5;;;;WALLIS AND FUTUNA (FRENCH TERRITORY)
1993;6;0.1;;;;;RUSSIA
1993;6;;;;;;NEW ZEALAND
1993;7;32;231;1207;2374;;JAPAN
1993;8;0.16;;;;;JAPAN
1993;8;2.4;;250;;;USA TERRITORY
1993;11;0.05;;;;;RUSSIA
1994;1;1.5;;;;;USA
1994;1;0.1;60;40000;40000;;USA
1994;1;2;9;;;550;INDONESIA
1994;2;;;;;;INDONESIA
1994;4;0.11;;;;;JAPAN
1994;4;4;;;;;NORWAY
1994;5;0.02;;;;;TAIWAN
1994;6;13.9;238;2.2;1500;;INDONESIA
1994;6;3.7;;;;;INDONESIA
1994;6;;;;;;INDONESIA
1994;6;3;;;;;INDONESIA
1994;9;0.07;;;;;USA
1994;9;0.24;1;;;;TAIWAN
1994;9;3;4;86;;;PAPUA NEW GUINEA
1994;10;10.4;11;;;;RUSSIA
1994;10;3;1;;;500;INDONESIA
1994;10;0.2;;;;;RUSSIA
1994;11;9;1;25;;;USA
1994;11;7.3;81;3.7;797;3288;PHILIPPINES
1994;12;0.53;3;170.4;;;JAPAN
1994;;0.5;;;;;RUSSIA
1995;1;0.34;5502;100000;200000;;JAPAN
1995;4;0.09;;;;;SAMOA
1995;4;0.2;;;;;PHILIPPINES
1995;4;0.2;;;;;PHILIPPINES
1995;5;;;;;;GREECE
1995;5;4;11;;;;INDONESIA
1995;5;0.5;;;;;NEW CALEDONIA
1995;5;0.1;1989;300;;;RUSSIA
1995;6;1;26;660;;;GREECE
1995;7;3;3;1.791;115;;CHILE
1995;8;0.28;;;;;PAPUA NEW GUINEA
1995;9;0.4;3;;;;MEXICO
1995;10;11;50;;;;MEXICO
1995;10;2.59;;;;;JAPAN
1995;10;1.5;;;;;JAPAN
1995;11;0.1;;;;;CHILE
1995;11;4;11;;;;EGYPT
1995;12;1.1;;;;;RUSSIA
1996;1;3.43;9;1.2;400;;INDONESIA
1996;1;2;;;;;GREECE
1996;1;30;;;;;RUSSIA
1996;2;7.7;164;4.2;5043;;INDONESIA
1996;2;5.04;12;;15;22;PERU
1996;2;0.1;;;;;MEXICO
1996;4;0.5;;;;;SWITZERLAND
1996;6;0.51;;;;;USA
1996;6;0.18;;;;;USA
1996;9;0.3;;;;;JAPAN
1996;9;0.09;;;;;CHILE
1996;9;0.11;;;;;TAIWAN
1996;10;0.2;;;;;JAPAN
1996;10;0.55;;;;;JAPAN
1996;11;0.4;14;;;4000;PERU
1996;12;0.2;;;;;JAPAN
1997;3;2;;;;;NEW CALEDONIA
1997;4;15;;0.3;;;HONDURAS
1997;4;;;;;;AUSTRALIA
1997;4;3;;;7;;SOLOMON ISLANDS
1997;7;;81;81;;;VENEZUELA
1997;9;0.03;;;;;JAPAN
1997;10;0.1;;;;;TONGA
1997;12;8;;;;;RUSSIA
1997;12;8;;;;;RUSSIA
1997;12;3;;;;;MONTSERRAT
1998;3;6;;;;;NORWAY
1998;3;0.01;;;;;ANTARCTICA
1998;5;0.13;;;;;TAIWAN
1998;5;0.01;;;;;JAPAN
1998;7;15.03;1636;;;;PAPUA NEW GUINEA
1998;11;2.75;41;200;1000;;INDONESIA
1999;1;2;;;;;MONTSERRAT
1999;8;2.52;17118;20000;;50000;TURKEY
1999;9;8;;;;;FRENCH POLYNESIA
1999;11;6.6;10;;;;VANUATU
2000;1;20;;;300;;PHILIPPINES
2000;4;0.5;;;;;GREECE
2000;5;6;46;30;10000;;INDONESIA
2000;6;0.3;;;;;AUSTRALIA
2000;7;0.07;1;;;;JAPAN
2000;7;0.07;;;;20;JAPAN
2000;7;0.14;;;;;JAPAN
2000;11;4.6;;;;;USA
2000;11;3;2;;;;PAPUA NEW GUINEA
2000;11;50;;;;;GREENLAND
2000;;;;;;;RUSSIA
2001;1;0.25;844;753;108226;169632;EL SALVADOR
2001;6;8.8;103;200;25399;;PERU
2001;10;0.11;;;;;CANADA
2001;12;0.16;;;;;TAIWAN
2002;1;3;;;;;VANUATU
2002;3;3;15;1.714;;800;PHILIPPINES
2002;3;4;;;;;GREECE
2002;3;0.05;;;;;JAPAN
2002;3;0.2;5;;100;;TAIWAN
2002;9;5.5;4;;;873;PAPUA NEW GUINEA
2002;9;;2;;40;;INDIA
2002;10;5;8;;1000;900;INDONESIA
2002;11;;;;;;NEW ZEALAND
2002;12;10.9;;;;;ITALY
2003;1;2;;;;;SOLOMON ISLANDS
2003;1;0.61;29;;2005;6615;MEXICO
2003;5;3;2287;5000;19000;163000;ALGERIA
2003;5;0.08;9;;;;ALGERIA
2003;7;4;;;;;MONTSERRAT
2003;8;;;;;;ANTARCTICA
2003;8;0.5;;;;;GREECE
2003;8;0.15;;;;;NEW ZEALAND
2003;9;4.4;2;90;;;JAPAN
2003;10;0.32;;;;;JAPAN
2003;11;0.33;;;;;USA
2003;12;0.15;;;;;NEW CALEDONIA
2004;1;;;;;;INDONESIA
2004;2;1;;;;;JORDAN
2004;9;0.63;;;;;JAPAN
2004;9;0.93;;;;;JAPAN
2004;11;0.06;;;;;CANADA
2004;11;2;34;;781;16712;INDONESIA
2004;11;2;1;;;;GUADELOUPE (FRENCH TERRITORY)
2004;11;;;;;;NEW ZEALAND
2004;11;0.12;;;;;JAPAN
2004;12;0.3;;;;;AUSTRALIA
2004;12;50.9;227899;10000;;;INDONESIA
2005;1;0.39;;;;;JAPAN
2005;2;;;;;;GUADELOUPE (FRENCH TERRITORY)
2005;3;4.2;1313;;300;;INDONESIA
2005;4;0.4;;;;;INDONESIA
2005;6;0.1;;;;;USA
2005;8;0.05;;;1;;JAPAN
2005;11;0.42;;;;;JAPAN
2005;12;0.08;;;;;CANADA
2006;1;;;;;;JAPAN
2006;1;9;;;;;USA
2006;3;3.5;4;1;241;;INDONESIA
2006;5;0.27;;;;;TONGA
2006;5;1;;;;;MONTSERRAT
2006;6;6;;33;;;SPAIN
2006;7;20.9;802;55;1623;;INDONESIA
2006;8;;1;;;;SOUTH KOREA
2006;9;0.08;;;;;SAMOA
2006;10;0.1;;;;;USA
2006;11;0.15;;;;;TAIWAN
2006;11;21.9;;;;;RUSSIA
2006;12;0.07;2;;;;TAIWAN
2007;1;0.4;;;;;RUSSIA
2007;3;0.08;;;;;VANUATU
2007;3;0.1;1;;513;;JAPAN
2007;3;1.65;4;2;;;SOUTH KOREA
2007;4;12.1;52;;2500;500;SOLOMON ISLANDS
2007;4;50;10;;;2;CHILE
2007;5;3;;;;;BULGARIA
2007;5;10;;;;;PAPUA NEW GUINEA
2007;6;50;8;;15;;CHINA
2007;7;;9;;875;;JAPAN
2007;8;3.2;2;;11;20;RUSSIA
2007;8;0.03;;;;;USA
2007;8;10.05;514;;52154;23632;PERU
2007;9;0.05;;;;;SOLOMON ISLANDS
2007;9;5;25;;56425;;INDONESIA
2007;9;0.35;;;;;NEW ZEALAND
2007;11;0.28;2;;;;CHILE
2007;11;;;;;;MARTINIQUE (FRENCH TERRITORY)
2007;12;38;;;;;CANADA
2007;12;0.03;;;;;KERMADEC ISLANDS
2008;2;0.12;;;;;INDONESIA
2008;4;0.16;;;;;NEW CALEDONIA
2008;4;0.03;;;;;VANUATU
2008;5;1.3;9;;;;SOUTH KOREA
2008;5;;87652;86000;5360000;;CHINA
2008;7;0.2;;;;;JAPAN
2008;8;0.19;;;;;USA
2008;8;2.55;;;;;SOUTH AFRICA
2008;9;0.09;6;;;1000;JAPAN
2008;10;3.6;;0.02;;;USA
2008;11;0.13;6;;;1000;INDONESIA
2008;11;13.1;;0.746;;;CHINA
2009;1;0.39;5;;;840;INDONESIA
2009;1;;;;;;INDONESIA
2009;1;0.11;;;;;RUSSIA
2009;2;0.13;;;;597;INDONESIA
2009;3;0.15;;;;;TONGA
2009;5;4;7;;135;25;HONDURAS
2009;7;0.3;;;;;GREECE
2009;7;0.47;;;;;NEW ZEALAND
2009;8;0.01;;;;;INDIA
2009;8;0.6;1;;5192;;JAPAN
2009;8;0.18;;;;;INDONESIA
2009;8;;;;;;USA
2009;9;0.4;81;;;54000;INDONESIA
2009;9;22.35;192;285;;;SAMOA
2009;9;0.27;1117;2200;;181665;INDONESIA
2009;10;0.29;;;;;VANUATU
2010;1;;1;;;;SOUTH KOREA
2010;1;0.01;;;;;SOLOMON ISLANDS
2010;1;7.52;;;16;60;SOLOMON ISLANDS
2010;1;0.03;;;;;SOLOMON ISLANDS
2010;1;3.21;316000;8000;97294;188383;HAITI
2010;2;0.1;;;;;JAPAN
2010;2;29;558;30000;;500000;CHILE
2010;3;0.14;;;;;CHILE
2010;4;0.44;;;;;INDONESIA
2010;4;23;1;;50;;PERU
2010;4;;;;;;COOK ISLANDS
2010;5;0.04;;;;;USA TERRITORY
2010;6;0.03;;;;;INDIA
2010;8;0.23;;;;;VANUATU
2010;8;0.07;;;;;USA TERRITORY
2010;10;16.9;431;39;700;;INDONESIA
2010;12;0.13;;;;;JAPAN
2010;12;4.1;;;;;VANUATU
2011;1;0.03;;;;;VANUATU
2011;2;0.15;;;;;CHILE
2011;2;3.5;185;15000;100000;;NEW ZEALAND
2011;3;0.6;;;;;JAPAN
2011;3;39.26;18429;220136.6;123661;280920;JAPAN
2011;4;0.08;3;;;;JAPAN
2011;5;0.03;;;;;NEW CALEDONIA
2011;6;0.1;;;;;USA
2011;6;0.4;;;;;UK
2011;7;1.2;;;;;NEW ZEALAND
2011;7;0.09;;;;;JAPAN
2011;7;1.5;;;;;NORWAY
2011;8;;;;;;NORWAY
2011;8;0.19;;;;;VANUATU
2011;8;0.15;;;;;VANUATU
2011;9;0.06;;;;;USA
2011;10;0.14;;;;;NEW ZEALAND
2012;2;0.08;;;;;VANUATU
2012;3;0.05;;;;;VANUATU
2012;3;0.2;;;;;JAPAN
2012;3;0.2;2;600;800;;MEXICO
2012;4;1.08;10;;;;INDONESIA
2012;4;;;;;;INDONESIA
2012;4;;;;;;VANUATU
2012;7;;;;;;GREENLAND
2012;8;6.3;;;;;EL SALVADOR
2012;8;0.15;1;0.3;;;PHILIPPINES
2012;9;0.16;2;;;;COSTA RICA
2012;10;12.98;1;;;;CANADA
2012;11;0.35;48;210;2769;7561;GUATEMALA
2012;12;1;;;;;JAPAN
2012;12;;;;;;CHINA
2013;1;1.5;;;;;USA
2013;2;11;10;36;588;478;SOLOMON ISLANDS
2013;2;0.09;;;;;SOLOMON ISLANDS
2013;4;0.2;;;;;RUSSIA
2013;4;0.13;;;;;MEXICO
2013;6;1.8;;;;;USA
2013;6;0.01;;;;;GREECE
2013;7;0.07;;;;35;NEW ZEALAND
2013;8;0.08;;;;;NEW ZEALAND
2013;9;0.57;825;;32638;14118;PAKISTAN
2013;10;0.01;;;;;GREECE
2013;10;0.4;;;;;JAPAN
2013;11;0.15;;;;;ANTARCTICA
2014;3;0.26;;;;;CHILE
2014;4;4.63;7;100;;2600;CHILE
2014;4;0.74;;;;;CHILE
2014;4;0.05;;;;;SOLOMON ISLANDS
2014;4;0.16;;;;;SOLOMON ISLANDS
2014;4;0.43;;;;127;MEXICO
2014;4;0.11;;;;;PAPUA NEW GUINEA
2014;5;0.16;3;4500;;;GREECE
2014;6;0.13;;;;;NEW ZEALAND
2014;6;0.17;;;;;USA
2014;6;2.5;;;;;SPAIN
2014;6;2;;;;;UKRAINE
2014;7;0.2;;;;;JAPAN
2014;7;60;;;;;ICELAND
2014;7;0.08;;;;;USA
2014;10;0.47;;;;;CHILE
2014;10;0.02;1;;5;41;EL SALVADOR
2014;11;0.09;;;;;INDONESIA
2015;2;0.27;;;;;JAPAN
2015;2;8;;;;;VANUATU
2015;3;0.5;;;;;PAPUA NEW GUINEA
2015;5;0.6;;;;;JAPAN
2015;5;1;;;;;PAPUA NEW GUINEA
2015;5;;;;;;NORWAY
2015;6;6.2;2;;;;CHINA
2015;7;0.18;;;;;SCOTLAND
2015;7;0.01;;;;;SOLOMON ISLANDS
2015;7;0.09;;;;;SOLOMON ISLANDS
2015;7;0.08;;;;;USA
2015;9;13.6;15;600;2305;10044;CHILE
2015;10;193;;;;;USA
2015;11;0.55;;;;;CHILE
2015;11;0.3;;;;;JAPAN
2015;11;0.15;2;;1;;GREECE
2015;11;0.1;;;;;SOLOMON ISLANDS
2016;1;0.02;1;;;;MOROCCO
2016;3;0.21;;;;;INDONESIA
2016;4;0.5;663;3300;6998;29672;ECUADOR
2016;4;0.02;;;;;VANUATU
2016;8;0.19;;;;;NEW CALEDONIA
2016;8;0.1;;;;;UK TERRITORY
2016;8;0.01;;;;;JAPAN
2016;9;0.21;;;;;NEW ZEALAND
2016;11;6.9;2;3900;1;;NEW ZEALAND
2016;11;1.44;;;;;JAPAN
2016;11;0.08;;;;;NICARAGUA
2016;12;0.43;1;;191;126;SOLOMON ISLANDS
2016;12;0.05;;;;;SOLOMON ISLANDS
2016;12;0.08;;;;;PAPUA NEW GUINEA
2016;12;0.44;;;;;CHILE
2017;1;0.01;;;;;FIJI
2017;1;0.04;3;;;;PAPUA NEW GUINEA
2017;3;3;5;10;85;;IRAN
2017;4;0.16;;;;;CHILE
2017;4;0.2;;;1;;PHILIPPINES
2017;5;0.06;;;;;USA
2017;5;2;;;;;NETHERLANDS
2017;6;0.4;1;;10;250;GREECE
2017;6;90;4;;11;;GREENLAND
2017;7;0.1;;;;;RUSSIA
2017;7;8;;;1;;COLOMBIA
2017;7;1.9;2;;;;TURKEY
2017;9;2.7;98;4000;47468;94027;MEXICO
2017;10;0.15;;;;;NEW CALEDONIA
2017;11;0.1;;;;;NEW CALEDONIA
2017;11;8.5;1;;3;3;VIETNAM
2017;11;0.05;;;;;NEW CALEDONIA
2017;11;0.08;;;;;NEW CALEDONIA
2017;11;0.37;;;;;NEW CALEDONIA
2017;12;0.5;;;;;KERMADEC ISLANDS
2018;1;0.4;;;;7;HONDURAS
2018;1;0.15;;;;;PERU
2018;1;0.25;;;;;USA
2018;2;1;;;;;PAPUA NEW GUINEA
2018;5;0.4;;370;716;;USA
2018;5;0.15;;;;;JAPAN
2018;5;0.22;;;;;USA
2018;7;0.75;1;;;;SPAIN
2018;7;2.5;17;;5448;;INDONESIA
2018;8;2;560;509;;83392;INDONESIA
2018;8;;;;;;FIJI
2018;8;;2;;;1705;INDONESIA
2018;8;;5;;;;VENEZUELA
2018;8;0.27;;;;;NEW CALEDONIA
2018;9;10.73;4340;1500;3673;39191;INDONESIA
2018;10;0.05;;;;;NEW CALEDONIA
2018;10;0.5;;;;120;GREECE
2018;12;2;;;;;NEW CALEDONIA
2018;12;90;;;;;RUSSIA
2018;12;85;437;250;;2844;INDONESIA
2019;3;2.9;;;;;JAPAN
2019;4;1.75;;;;;USA
2019;5;;;;;;PAPUA NEW GUINEA
2019;6;0.07;;;;;CHILE
2019;6;0.14;;;;;NEW ZEALAND
2019;6;0.1;;;;144;JAPAN
2019;8;0.3;;;;;ITALY
2019;11;0.11;1;;;36;INDONESIA
2020;1;0.06;4;800;300;1390;USA TERRITORY
2020;1;0.11;;;1;;CUBA
2020;3;0.5;;;;;RUSSIA
2020;4;0.5;;;;;USA
2020;5;0.35;;;;;GREECE
2020;5;3;1;;;;INDONESIA
2020;6;0.5;;;;;USA
2020;6;0.11;;;;;NEW ZEALAND
2020;6;1.57;10;;;8123;MEXICO
2020;7;0.24;;;;;USA
2020;10;0.76;;;;;USA
2020;10;3.8;118;400;;;TURKEY
2020;11;0.5;;;;;SPAIN
2020;12;0.16;;;;;CHILE
2021;1;0.04;;;;;ANTARCTICA
2021;2;0.78;;;;;NEW CALEDONIA
2021;3;0.28;;;;;NEW ZEALAND
2021;3;0.31;;;;;NEW ZEALAND
2021;3;1;;;;;NEW ZEALAND
2021;3;0.06;;;;;ALGERIA
2021;6;0.5;;;;;INDONESIA
2021;7;0.5;;;;;USA
2021;8;0.05;1;;;;PHILIPPINES
2021;8;0.64;;;;;UK TERRITORY
2021;8;;2248;;53815;83770;HAITI
2021;9;0.48;3;;;7317;MEXICO
2021;10;;;;;;GREECE
